01 	Продукция и услуги сельского хозяйства и охоты
01.1 	Культуры однолетние
01.11 	Культуры зерновые (кроме риса), зернобобовые, семена масличных культур
01.11.1 	Пшеница
01.11.11 	Пшеница твердая
01.11.11.110 	Пшеница озимая твердая
01.11.11.111 	Зерно озимой твердой пшеницы
01.11.11.112 	Семена озимой твердой пшеницы
01.11.11.120 	Пшеница яровая твердая
01.11.11.121 	Зерно яровой твердой пшеницы
01.11.11.122 	Семена яровой твердой пшеницы
01.11.11.130 	Зерноотходы твердой пшеницы
01.11.12 	Пшеница, кроме твердой пшеницы
01.11.12.110 	Пшеница озимая мягкая
01.11.12.111 	Зерно озимой мягкой пшеницы
01.11.12.112 	Семена озимой мягкой пшеницы
01.11.12.120 	Пшеница яровая мягкая
01.11.12.121 	Зерно яровой мягкой пшеницы
01.11.12.122 	Семена яровой мягкой пшеницы
01.11.12.130 	Зерноотходы мягкой пшеницы
01.11.12.140 	Меслин (смесь пшеницы и ржи)
01.11.12.141 	Зерно меслина
01.11.12.142 	Семена меслина
01.11.12.143 	Зерноотходы меслина
01.11.2 	Кукуруза
01.11.20 	Кукуруза
01.11.20.110 	Кукуруза лопающаяся (рисовая)
01.11.20.111 	Зерно лопающейся (рисовой) кукурузы
01.11.20.112 	Семена лопающейся (рисовой) кукурузы
01.11.20.113 	Початки лопающейся (рисовой) кукурузы
01.11.20.114 	Початки обрушенные лопающейся (рисовой) кукурузы
01.11.20.120 	Кукуруза кремнистая
01.11.20.121 	Зерно кремнистой кукурузы
01.11.20.122 	Семена кремнистой кукурузы
01.11.20.123 	Початки кремнистой кукурузы
01.11.20.124 	Початки обрушенные кремнистой кукурузы
01.11.20.130 	Кукуруза зубовидная и кукуруза прочих сортов, кроме сахарной
01.11.20.131 	Зерно зубовидной кукурузы и кукурузы прочих сортов
01.11.20.132 	Семена зубовидной кукурузы и кукурузы прочих сортов
01.11.20.133 	Початки зубовидной кукурузы и кукурузы прочих сортов
01.11.20.134 	Початки обрушенные зубовидной кукурузы и кукурузы прочих сортов
01.11.20.140 	Кукуруза разнотипная (смесь)
01.11.20.141 	Зерно разнотипной кукурузы
01.11.20.142 	Семена разнотипной кукурузы
01.11.20.143 	Початки разнотипной кукурузы
01.11.20.150 	Зерноотходы кукурузы
01.11.3 	Ячмень, рожь и овес
01.11.31 	Ячмень
01.11.31.100 	Ячмень озимый
01.11.31.110 	Зерно озимого ячменя
01.11.31.111 	Зерно ячменя озимого пивоваренного
01.11.31.119 	Зерно ячменя озимого прочего
01.11.31.120 	Семена озимого ячменя
01.11.31.121 	Семена ячменя озимого пивоваренного
01.11.31.129 	Семена ячменя озимого прочего
01.11.31.200 	Ячмень яровой
01.11.31.210 	Зерно ярового ячменя
01.11.31.211 	Зерно ячменя ярового пивоваренного
01.11.31.219 	Зерно ячменя ярового прочего
01.11.31.220 	Семена ярового ячменя
01.11.31.221 	Семена ячменя ярового пивоваренного
01.11.31.229 	Семена ячменя ярового прочего
01.11.31.300 	Зерноотходы ячменя
01.11.31.310 	Зерноотходы ячменя озимого
01.11.31.320 	Зерноотходы ячменя ярового
01.11.32 	Рожь
01.11.32.110 	Рожь озимая
01.11.32.111 	Зерно озимой ржи
01.11.32.112 	Семена озимой ржи
01.11.32.120 	Рожь яровая
01.11.32.121 	Зерно яровой ржи
01.11.32.122 	Семена яровой ржи
01.11.32.130 	Зерноотходы ржи
01.11.32.131 	Зерноотходы ржи озимой
01.11.32.132 	Зерноотходы ржи яровой
01.11.33 	Овес
01.11.33.110 	Зерно овса
01.11.33.111 	Семена овса
01.11.33.112 	Зерноотходы овса
01.11.4 	Сорго, просо и прочие зерновые культуры
01.11.41 	Сорго
01.11.41.100 	Зерно сорго
01.11.41.200 	Семена сорго
01.11.41.210 	Семена сорго зернового
01.11.41.211 	Семена сорго зернового - сорта
01.11.41.212 	Семена сорго зернового - гибриды
01.11.41.220 	Семена сорго сахарного
01.11.41.221 	Семена сорго сахарного - сорта
01.11.41.222 	Семена сорго сахарного - гибриды
01.11.41.230 	Семена сорго веничного - сорта
01.11.41.240 	Семена сорго суданкового - гибриды
01.11.41.300 	Зерноотходы сорго
01.11.42 	Просо
01.11.42.110 	Зерно проса
01.11.42.120 	Семена проса
01.11.42.130 	Зерноотходы проса
01.11.49 	Культуры зерновые прочие
01.11.49.110 	Гречиха
01.11.49.111 	Зерно гречихи
01.11.49.112 	Семена гречихи
01.11.49.113 	Зерноотходы гречихи
01.11.49.120 	Тритикале (пшенично-ржаной гибрид)
01.11.49.121 	Зерно ярового тритикале
01.11.49.122 	Семена ярового тритикале
01.11.49.123 	Зерно озимого тритикале
01.11.49.124 	Семена озимого тритикале
01.11.49.125 	Зерноотходы тритикале
01.11.49.130 	Чумиза
01.11.49.131 	Зерно чумизы
01.11.49.132 	Семена чумизы
01.11.49.133 	Зерноотходы чумизы
01.11.49.140 	Вика и смеси виковые на зерно
01.11.49.150 	Люпин кормовой сладкий на зерно
01.11.49.190 	Культуры зерновые прочие, не включенные в другие группировки
01.11.49.191 	Зерно зерновых культур, не включенных в другие группировки
01.11.49.192 	Семена зерновых культур, не включенных в другие группировки
01.11.49.193 	Зерноотходы зерновых культур, не включенных в другие группировки
01.11.5 	Солома и мякина зерновых культур
01.11.50 	Солома и мякина зерновых культур
01.11.50.000 	Солома и мякина зерновых культур
01.11.6 	Овощи бобовые зеленые
01.11.61 	Фасоль овощная
01.11.61.000 	Фасоль овощная
01.11.62 	Горох овощной
01.11.62.000 	Горох овощной
01.11.69 	Овощи бобовые зеленые прочие
01.11.69.000 	Овощи бобовые зеленые прочие
01.11.7 	Овощи бобовые сушеные (культуры зернобобовые)
01.11.71 	Фасоль сушеная
01.11.71.110 	Зерно фасоли
01.11.71.120 	Семена фасоли
01.11.72 	Бобы кормовые сушеные
01.11.72.110 	Зерно кормовых бобов
01.11.72.120 	Семена кормовых бобов
01.11.73 	Нут (бараний горох) сушеный
01.11.73.110 	Зерно нута
01.11.73.120 	Семена нута
01.11.74 	Чечевица сушеная
01.11.74.110 	Зерно чечевицы
01.11.74.120 	Семена чечевицы
01.11.75 	Горох сушеный
01.11.75.110 	Зерно гороха
01.11.75.120 	Семена гороха
01.11.79 	Культуры зернобобовые (овощи бобовые сушеные), не включенные в другие группировки
01.11.79.110 	Чина сушеная
01.11.79.111 	Зерно чины
01.11.79.112 	Семена чины
01.11.79.120 	Маш сушеный
01.11.79.121 	Зерно маша
01.11.79.122 	Семена маша
01.11.79.190 	Культуры зернобобовые (овощи бобовые сушеные) прочие, не включенные в другие группировки
01.11.79.191 	Зерно прочих зернобобовых культур (овощей бобовых сушеных), не включенных в другие группировки
01.11.79.192 	Семена прочих зернобобовых культур (овощей бобовых сушеных), не включенных в другие группировки
01.11.79.199 	Зерноотходы прочих зернобобовых культур (овощей бобовых сушеных)
01.11.8 	Бобы соевые, орехи земляные, семена хлопка
01.11.81 	Бобы соевые
01.11.81.110 	Бобы соевые для посева
01.11.81.120 	Бобы соевые для переработки
01.11.82 	Арахис (орех земляной) нелущеный
01.11.82.000 	Арахис (орех земляной) нелущеный
01.11.83 	Арахис (орех земляной) лущеный
01.11.83.000 	Арахис (орех земляной) лущеный
01.11.84 	Семена хлопчатника
01.11.84.000 	Семена хлопчатника
01.11.9 	Семена льна, горчицы, рапса, сурепицы, кунжута, подсолнечника и семена прочих масличных культур, не включенные в другие группировки
01.11.91 	Семена льна
01.11.91.110 	Семена льна для посева
01.11.91.111 	Семена льна-кудряша для посева
01.11.91.112 	Семена льна-долгунца для посева
01.11.91.120 	Семена льна для переработки
01.11.92 	Семена горчицы
01.11.92.110 	Семена горчицы для посева
01.11.92.120 	Семена горчицы для переработки
01.11.93 	Семена рапса
01.11.93.110 	Семена озимого рапса
01.11.93.111 	Семена озимого рапса для посева
01.11.93.112 	Семена озимого рапса для переработки
01.11.93.120 	Семена ярового рапса (кользы)
01.11.93.121 	Семена ярового рапса (кользы) для посева
01.11.93.122 	Семена ярового рапса (кользы) для переработки
01.11.94 	Семена кунжута
01.11.94.110 	Семена кунжута для посева
01.11.94.120 	Семена кунжута для переработки
01.11.95 	Семена подсолнечника
01.11.95.110 	Семена подсолнечника для посева
01.11.95.120 	Семена подсолнечника для переработки
01.11.95.130 	Семена подсолнечника лущеные
01.11.99 	Семена прочих масличных культур, не включенные в другие группировки
01.11.99.110 	Семена клещевины
01.11.99.120 	Семена масличного мака
01.11.99.130 	Семена южной конопли
01.11.99.140 	Семена среднерусской конопли
01.11.99.150 	Семена рыжика
01.11.99.160 	Семена сафлора
01.11.99.190 	Семена прочих масличных культур, не включенные в другие группировки
01.12 	Рис нешелушеный
01.12.1 	Рис нешелушеный
01.12.10 	Рис нешелушеный
01.12.10.110 	Зерно нешелушеного риса
01.12.10.120 	Семена нешелушеного риса
01.13 	Овощи и культуры бахчевые, корнеплоды и клубнеплоды
01.13.1 	Культуры овощные салатные или зеленые
01.13.11 	Спаржа
01.13.11.000 	Спаржа
01.13.12 	Капуста
01.13.12.110 	Капуста брюссельская
01.13.12.120 	Капуста белокочанная
01.13.12.130 	Капуста краснокочанная
01.13.12.140 	Капуста савойская
01.13.12.150 	Капуста пекинская
01.13.12.160 	Кольраби
01.13.12.190 	Капуста прочая
01.13.13 	Капуста цветная и брокколи
01.13.13.000 	Капуста цветная и брокколи
01.13.14 	Салат-латук
01.13.14.000 	Салат-латук
01.13.15 	Салат цикорный (витлуф)
01.13.15.000 	Салат цикорный (витлуф)
01.13.16 	Шпинат
01.13.16.000 	Шпинат
01.13.17 	Артишоки
01.13.17.000 	Артишоки
01.13.19 	Овощи листовые или стебельные прочие
01.13.19.000 	Овощи листовые или стебельные прочие
01.13.2 	Культуры бахчевые
01.13.21 	Арбузы
01.13.21.000 	Арбузы
01.13.29 	Культуры бахчевые прочие
01.13.29.000 	Культуры бахчевые прочие
01.13.3 	Культуры овощные плодовые прочие
01.13.31 	Перец стручковый и горошковый черный, не сушеный
01.13.31.000 	Перец стручковый и горошковый черный, не сушеный
01.13.32 	Огурцы
01.13.32.000 	Огурцы
01.13.33 	Баклажаны
01.13.33.000 	Баклажаны
01.13.34 	Томаты (помидоры)
01.13.34.000 	Томаты (помидоры)
01.13.39 	Культуры овощные плодовые прочие, не включенные в другие группировки
01.13.39.110 	Кабачки
01.13.39.120 	Кукуруза сахарная
01.13.39.130 	Тыквы
01.13.39.140 	Патиссоны
01.13.39.190 	Культуры овощные плодовые прочие, не включенные в другие группировки
01.13.4 	Корнеплоды и клубнеплоды овощные, культуры овощные луковичные
01.13.41 	Морковь, репа, брюква
01.13.41.110 	Морковь столовая
01.13.41.120 	Репа
01.13.41.130 	Брюква
01.13.42 	Чеснок
01.13.42.000 	Чеснок
01.13.43 	Культуры овощные луковичные
01.13.43.110 	Лук репчатый
01.13.43.120 	Лук-шалот
01.13.43.190 	Культуры овощные луковичные прочие
01.13.44 	Лук-порей и прочие культуры овощные луковичные
01.13.44.000 	Лук-порей и прочие культуры овощные луковичные
01.13.49 	Корнеплоды и клубнеплоды овощные, культуры овощные луковичные (без высокого содержания крахмала или инулина), прочие
01.13.49.110 	Свекла столовая
01.13.49.120 	Редька
01.13.49.130 	Редис
01.13.49.190 	Корнеплоды и клубнеплоды овощные, культуры овощные луковичные (без высокого содержания крахмала или инулина), прочие
01.13.5 	Корнеплоды столовые и клубнеплоды с высоким содержанием крахмала или инулина
01.13.51 	Картофель
01.13.51.110 	Картофель столовый ранний
01.13.51.120 	Картофель столовый поздний
01.13.51.130 	Семена картофеля
01.13.52 	Батат (картофель сладкий)
01.13.52.000 	Батат (картофель сладкий)
01.13.53 	Маниок (кассава)
01.13.53.000 	Маниок (кассава)
01.13.59 	Корнеплоды столовые и клубнеплоды с высоким содержанием крахмала или инулина, прочие
01.13.59.000 	Корнеплоды столовые и клубнеплоды с высоким содержанием крахмала или инулина, прочие
01.13.6 	Семена овощных культур, кроме семян сахарной свеклы
01.13.60 	Семена овощных культур, кроме семян сахарной свеклы
01.13.60.110 	Семена столовой свеклы, кроме семян сахарной свеклы
01.13.60.120 	Семена однолетних овощных культур, кроме свеклы
01.13.60.121 	Лук-севок
01.13.60.129 	Семена прочих однолетних овощных культур, кроме свеклы
01.13.60.130 	Семена капусты всех видов
01.13.60.140 	Семена корнеплодных овощных культур
01.13.60.150 	Семена пасленовых овощных культур
01.13.60.160 	Семена тыквенных овощных культур
01.13.60.170 	Семена салатных овощных культур
01.13.60.180 	Семена зеленых овощных культур
01.13.60.190 	Семена бобовых овощных культур
01.13.60.210 	Семена двухлетних овощных культур
01.13.60.220 	Семена многолетних овощных культур
01.13.60.230 	Семена бахчевых культур
01.13.60.240 	Семенники овощных культур
01.13.60.250 	Семенники бахчевых культур
01.13.60.260 	Маточники овощных культур, кроме свеклы
01.13.7 	Свекла сахарная и семена сахарной свеклы
01.13.71 	Свекла сахарная
01.13.71.100 	Свекла сахарная
01.13.71.110 	Корнеплоды свеклы сахарной
01.13.71.120 	Ботва свеклы сахарной
01.13.72 	Семена сахарной свеклы
01.13.72.110 	Семена сахарной свеклы шлифованные
01.13.72.120 	Семена сахарной свеклы дражированные
01.13.72.130 	Семена сахарной свеклы инкрустированные
01.13.72.140 	Семенники сахарной свеклы
01.13.72.150 	Маточники сахарной свеклы
01.13.8 	Грибы и трюфели
01.13.80 	Грибы и трюфели
01.13.80.000 	Грибы и трюфели
01.13.9 	Овощи свежие, не включенные в другие группировки
01.13.90 	Овощи свежие, не включенные в другие группировки
01.13.90.000 	Овощи свежие, не включенные в другие группировки
01.14 	Тростник сахарный
01.14.1 	Тростник сахарный
01.14.10 	Тростник сахарный
01.14.10.000 	Тростник сахарный
01.15 	Табак необработанный
01.15.1 	Табак необработанный
01.15.10 	Табак необработанный
01.15.10.100 	Табачное и махорочное сырье
01.15.10.110 	Табак ферментированный с неотделенной средней жилкой
01.15.10.111 	Табак ферментированный с неотделенной средней жилкой типа Вирджиния тепловой сушки
01.15.10.112 	Табак ферментированный с неотделенной средней жилкой типа Берлей теневой сушки
01.15.10.113 	Табак ферментированный с неотделенной средней жилкой типа Мэриленд теневой сушки
01.15.10.114 	Табак ферментированный с неотделенной средней жилкой типа Кентукки огневой сушки
01.15.10.115 	Табак ферментированный с неотделенной средней жилкой типа Ориенталь солнечной сушки
01.15.10.119 	Табак ферментированный с неотделенной средней жилкой прочий
01.15.10.120 	Табак ферментированный с частично или полностью отделенной средней жилкой
01.15.10.121 	Табак ферментированный с частично или полностью отделенной средней жилкой типа Вирджиния тепловой сушки
01.15.10.122 	Табак ферментированный с частично или полностью отделенной средней жилкой типа Берлей теневой сушки
01.15.10.123 	Табак ферментированный с частично или полностью отделенной средней жилкой типа Мэриленд теневой сушки
01.15.10.124 	Табак ферментированный с частично или полностью отделенной средней жилкой типа Кентукки огневой сушки
01.15.10.125 	Табак ферментированный с частично или полностью отделенной средней жилкой типа Ориенталь солнечной сушки
01.15.10.129 	Табак ферментированный с частично или полностью отделенной средней жилкой прочий
01.15.10.130 	Махорка-сырье
01.15.10.131 	Махорка-сырье неферментированное
01.15.10.132 	Махорка-сырье ферментированное
01.15.10.190 	Табачные отходы, образующиеся при производстве табачного сырья
01.15.10.200 	Семена табака, махорки
01.15.10.210 	Семена табака
01.15.10.220 	Семена махорки
01.16 	Культуры волокнистые прядильные
01.16.1 	Культуры волокнистые прядильные
01.16.11 	Хлопок-сырец очищенный или не очищенный от семян
01.16.11.110 	Хлопок-сырец тонковолокнистых сортов хлопчатника
01.16.11.120 	Хлопок-сырец средневолокнистых сортов хлопчатника
01.16.12 	Волокна джута, кенафа и прочих текстильных лубяных волокон необработанные или моченые, кроме льна, конопли обыкновенной и рами
01.16.12.110 	Волокна джута необработанные
01.16.12.120 	Волокна кенафа необработанные
01.16.12.130 	Волокна канатника необработанные
01.16.12.190 	Волокна текстильные лубяные необработанные или моченые прочие, кроме льна, конопли обыкновенной и рами
01.16.19 	Лен, конопля обыкновенная и необработанные растительные текстильные волокна, не включенные в другие группировки
01.16.19.110 	Волокна льна необработанные
01.16.19.111 	Волокно льна-долгунца
01.16.19.112 	Соломка льна-долгунца
01.16.19.119 	Волокно и соломка прочего льна
01.16.19.120 	Волокно обыкновенной конопли необработанное
01.16.19.121 	Волокно среднерусской конопли
01.16.19.122 	Соломка среднерусской конопли
01.16.19.123 	Волокно южной конопли
01.16.19.124 	Соломка южной конопли
01.16.19.129 	Волокно и соломка прочей конопли
01.16.19.130 	Волокно пеньки необработанное
01.16.19.131 	Волокно обыкновенной пеньки
01.16.19.132 	Соломка обыкновенной пеньки
01.16.19.140 	Волокно сизаля необработанное
01.16.19.150 	Волокно кокосовое необработанное
01.16.19.160 	Волокно абаки (манильской пеньки) необработанное
01.16.19.170 	Волокно рами (китайской крапивы) необработанное
01.16.19.190 	Волокна растительные текстильные необработанные прочие
01.19 	Культуры однолетние прочие
01.19.1 	Культуры кормовые
01.19.10 	Культуры кормовые
01.19.10.110 	Культуры кормовые корнеплодные
01.19.10.120 	Культуры бахчевые кормовые
01.19.10.130 	Культуры кормовые зернобобовые
01.19.10.190 	Культуры кормовые, не включенные в другие группировки
01.19.2 	Цветы срезанные и бутоны цветочные; семена цветочных культур
01.19.21 	Цветы срезанные и бутоны цветочные
01.19.21.110 	Розы срезанные
01.19.21.120 	Гвоздики срезанные
01.19.21.130 	Орхидеи срезанные
01.19.21.140 	Гладиолусы срезанные
01.19.21.150 	Хризантемы срезанные
01.19.21.190 	Цветы срезанные прочие
01.19.22 	Семена цветочных культур
01.19.22.110 	Семена однолетних цветочных культур
01.19.22.120 	Семена двухлетних цветочных культур
01.19.22.130 	Семена многолетних цветочных культур
01.19.3 	Семена свеклы, семена кормовых культур; сырье растительное прочее
01.19.31 	Семена кормовой свеклы (кроме семян сахарной свеклы) и семена кормовых растений
01.19.31.110 	Семена кормовой свеклы
01.19.31.120 	Семена кормовых корнеплодов, кроме кормовой свеклы
01.19.31.130 	Семенники кормовых корнеплодов
01.19.31.140 	Маточники кормовых корнеплодов
01.19.31.150 	Семена однолетних трав
01.19.31.160 	Семена многолетних трав
01.19.31.161 	Семена клевера
01.19.31.162 	Семена люцерны
01.19.31.163 	Семена эспарцета
01.19.31.164 	Семена луговых пастбищных трав
01.19.31.165 	Семена злаковых трав
01.19.31.169 	Семена прочих многолетних трав
01.19.31.190 	Семена прочих кормовых культур
01.19.39 	Сырье растительное, не включенное в другие группировки
01.19.39.000 	Сырье растительное, не включенное в другие группировки
01.2 	Культуры многолетние
01.21 	Виноград
01.21.1 	Виноград
01.21.11 	Виноград свежий столовых сортов
01.21.11.000 	Виноград свежий столовых сортов
01.21.12 	Виноград свежий прочих сортов
01.21.12.110 	Виноград свежий кишмишных сортов
01.21.12.120 	Виноград свежий прочих сортов, не включенный в другие группировки
01.22 	Фрукты тропические и субтропические
01.22.1 	Фрукты тропические и субтропические
01.22.11 	Авокадо
01.22.11.000 	Авокадо
01.22.12 	Бананы
01.22.12.000 	Бананы
01.22.13 	Финики
01.22.13.000 	Финики
01.22.14 	Инжир
01.22.14.000 	Инжир
01.22.19 	Плоды тропических и субтропических культур прочие
01.22.19.000 	Плоды тропических и субтропических культур прочие
01.23 	Плоды цитрусовых культур
01.23.1 	Плоды цитрусовых культур
01.23.11 	Грейпфруты
01.23.11.000 	Грейпфруты
01.23.12 	Лимоны и лаймы
01.23.12.000 	Лимоны и лаймы
01.23.13 	Апельсины
01.23.13.000 	Апельсины
01.23.14 	Мандарины, включая танжерины, клементины и аналогичные гибриды цитрусовых культур
01.23.14.000 	Мандарины, включая танжерины, клементины и аналогичные гибриды цитрусовых культур
01.23.19 	Плоды цитрусовых культур прочие
01.23.19.000 	Плоды цитрусовых культур прочие
01.24 	Плоды семечковых и косточковых культур
01.24.1 	Яблоки
01.24.10 	Яблоки
01.24.10.000 	Яблоки
01.24.2 	Плоды семечковых и косточковых культур прочие
01.24.21 	Груши
01.24.21.000 	Груши
01.24.22 	Айва
01.24.22.000 	Айва
01.24.23 	Абрикосы
01.24.23.000 	Абрикосы
01.24.24 	Вишня
01.24.24.000 	Вишня
01.24.25 	Персики
01.24.25.000 	Персики
01.24.26 	Нектарины
01.24.26.000 	Нектарины
01.24.27 	Сливы
01.24.27.000 	Сливы
01.24.28 	Терн
01.24.28.000 	Терн
01.24.29 	Плоды семечковых и косточковых культур прочие, не включенные в другие группировки
01.24.29.110 	Черешня
01.24.29.120 	Алыча (ткемали, вишнеслива)
01.24.29.130 	Барбарис
01.24.29.140 	Кизил
01.25 	Плоды прочих плодовых деревьев, кустарников и орехов
01.25.1 	Ягоды и плоды растений вида Vaccinium
01.25.11 	Киви
01.25.11.000 	Киви
01.25.12 	Малина
01.25.12.000 	Малина
01.25.13 	Земляника (клубника)
01.25.13.000 	Земляника (клубника)
01.25.19 	Ягоды, плоды растений вида Vaccinium прочие, не включенные в другие группировки
01.25.19.110 	Смородина черная
01.25.19.120 	Смородина красная
01.25.19.130 	Смородина белая
01.25.19.140 	Крыжовник
01.25.19.150 	Клюква
01.25.19.160 	Брусника
01.25.19.170 	Черника
01.25.19.180 	Голубика
01.25.19.190 	Ягоды, плоды растений вида Vaccinium прочие, не включенные в другие группировки
01.25.2 	Семена плодовых культур
01.25.20 	Семена плодовых культур
01.25.20.110 	Семена плодовых семечковых культур
01.25.20.120 	Семена плодовых косточковых культур
01.25.20.130 	Семена ягодных культур
01.25.3 	Орехи, кроме лесных съедобных орехов, земляных орехов и кокосовых орехов
01.25.31 	Миндаль
01.25.31.000 	Миндаль
01.25.32 	Каштаны
01.25.32.000 	Каштаны
01.25.33 	Фундук
01.25.33.000 	Фундук
01.25.34 	Фисташки
01.25.34.000 	Фисташки
01.25.35 	Орехи грецкие
01.25.35.000 	Орехи грецкие
01.25.39 	Орехи прочие, не включенные в другие группировки
01.25.39.000 	Орехи прочие, не включенные в другие группировки
01.25.9 	Плоды деревьев и кустарников прочие, не включенные в другие группировки
01.25.90 	Плоды деревьев и кустарников прочие, не включенные в другие группировки
01.25.90.110 	Хурма
01.25.90.120 	Гранат
01.25.90.130 	Фейхоа
01.25.90.140 	Мушмула
01.26 	Плоды масличных культур
01.26.1 	Оливки (маслины)
01.26.11 	Оливки столовые
01.26.11.000 	Оливки столовые
01.26.12 	Оливки для производства оливкового масла
01.26.12.000 	Оливки для производства оливкового масла
01.26.2 	Орехи кокосовые
01.26.20 	Орехи кокосовые
01.26.20.000 	Орехи кокосовые
01.26.9 	Плоды масличных культур прочие
01.26.90 	Плоды масличных культур прочие
01.26.90.000 	Плоды масличных культур прочие
01.27 	Культуры для производства напитков
01.27.1 	Культуры для производства напитков
01.27.11 	Зерна кофейные необжаренные
01.27.11.000 	Зерна кофейные необжаренные
01.27.12 	Листья чая
01.27.12.110 	Лист зеленого чая сортовой
01.27.12.120 	Лист зеленого чая грубый
01.27.12.130 	Лист черного чая сортовой
01.27.12.140 	Лист черного чая грубый
01.27.13 	Листья мате
01.27.13.000 	Листья мате
01.27.14 	Какао-бобы
01.27.14.000 	Какао-бобы
01.27.19 	Культуры для производства напитков прочие
01.27.19.110 	Цикорий
01.27.19.190 	Культуры для производства напитков прочие, не включенные в другие группировки
01.28 	Пряности и растения, используемые в парфюмерии и фармации
01.28.1 	Пряности необработанные
01.28.11 	Перец необработанный
01.28.11.000 	Перец необработанный
01.28.12 	Перец красный и стручковый, сухой, необработанный
01.28.12.000 	Перец красный и стручковый, сухой, необработанный
01.28.13 	Орех мускатный, мацис и кардамон необработанные
01.28.13.110 	Орех мускатный необработанный
01.28.13.120 	Мацис необработанный
01.28.13.130 	Кардамон необработанный
01.28.14 	Анис, бадьян, кориандр, тмин душистый и обыкновенный, фенхель и можжевеловые ягоды, необработанные
01.28.14.110 	Анис необработанный
01.28.14.120 	Бадьян необработанный
01.28.14.130 	Кориандр необработанный
01.28.14.140 	Тмин необработанный
01.28.14.150 	Фенхель необработанный
01.28.14.160 	Ягоды можжевеловые необработанные
01.28.15 	Корица необработанная
01.28.15.000 	Корица необработанная
01.28.16 	Гвоздика (стебли) необработанная
01.28.16.000 	Гвоздика (стебли) необработанная
01.28.17 	Имбирь сухой необработанный
01.28.17.000 	Имбирь сухой необработанный
01.28.18 	Ваниль необработанная
01.28.18.000 	Ваниль необработанная
01.28.19 	Пряности необработанные прочие
01.28.19.000 	Пряности необработанные прочие
01.28.2 	Шишки хмеля
01.28.20 	Шишки хмеля
01.28.20.000 	Шишки хмеля
01.28.3 	Растения, используемые в основном в парфюмерии, фармации или в качестве инсектицидов, фунгицидов и для аналогичных целей
01.28.30 	Растения, используемые в основном в парфюмерии, фармации или в качестве инсектицидов, фунгицидов и для аналогичных целей
01.28.30.110 	Культуры эфиромасличные
01.28.30.120 	Культуры лекарственные
01.28.30.190 	Растения, используемые в основном в парфюмерии, фармации или в качестве инсектицидов, фунгицидов и для аналогичных целей, прочие
01.29 	Культуры многолетние прочие
01.29.1 	Каучук натуральный
01.29.10 	Каучук натуральный
01.29.10.000 	Каучук натуральный
01.29.2 	Деревья рождественские (новогодние)
01.29.20 	Деревья рождественские (новогодние)
01.29.20.000 	Деревья рождественские (новогодние)
01.29.3 	Материалы растительные, используемые главным образом для плетения, а также набивки, крашения или дубления
01.29.30 	Материалы растительные, используемые главным образом для плетения, а также набивки, крашения или дубления
01.29.30.110 	Материалы растительные, используемые главным образом для плетения
01.29.30.120 	Материалы растительные, используемые главным образом для набивки (например, капок, растительные волокна, морской взморник), в том числе в виде полотнищ на подложке из других материалов или без нее
01.29.30.130 	Материалы растительного происхождения, используемые главным образом для производства щеточных изделий и метел
01.29.30.190 	Материалы растительного происхождения, не включенные в другие группировки
01.3 	Материалы растительные: растения живые; луковицы, клубнелуковицы и корневища; отводки и черенки; грибницы
01.30 	Материалы растительные: растения живые; луковицы, клубнелуковицы и корневища; отводки и черенки; грибницы
01.30.1 	Материалы растительные: растения живые; луковицы, клубнелуковицы и корневища; отводки и черенки; грибницы
01.30.10 	Материалы растительные: растения живые; луковицы, клубнелуковицы и корневища; отводки и черенки; грибницы
01.30.10.110 	Луковицы, клубнелуковицы, корневища цветов
01.30.10.111 	Луковицы гиацинтов
01.30.10.112 	Луковицы нарциссов
01.30.10.113 	Луковицы тюльпанов
01.30.10.114 	Клубнелуковицы гладиолусов
01.30.10.115 	Корневища орхидей
01.30.10.119 	Луковицы, клубнелуковицы, корневища прочих цветов
01.30.10.120 	Рассада
01.30.10.121 	Рассада цветов
01.30.10.122 	Рассада овощных культур
01.30.10.123 	Рассада ягодных культур
01.30.10.124 	Дернина рулонная (газон рулонный)
01.30.10.129 	Рассада прочих растений
01.30.10.130 	Культуры плодовые и ягодные, включая черенки и отводки
01.30.10.131 	Культуры плодовые семечковые
01.30.10.132 	Культуры плодовые косточковые
01.30.10.133 	Культуры ягодные
01.30.10.134 	Культуры орехоплодные
01.30.10.135 	Культуры цитрусовые
01.30.10.136 	Виноград (культура ягодная)
01.30.10.139 	Культуры плодовые и ягодные прочие
01.30.10.140 	Культуры декоративные, включая черенки и отводки
01.30.10.141 	Рододендроны и азалии
01.30.10.142 	Сорта роз и шиповника (дикой розы) культурные, включая черенки и отводки
01.30.10.149 	Культуры декоративные, включая черенки и отводки, прочие
01.30.10.150 	Мицелий гриба (грибница)
01.30.10.151 	Мицелий тепличных шампиньонов
01.30.10.159 	Мицелий прочих грибов
01.4 	Животные живые и продукты животного происхождения
01.41 	Скот молочный крупный рогатый живой, молоко сырое крупного рогатого скота
01.41.1 	Скот молочный крупный рогатый живой
01.41.10 	Скот молочный крупный рогатый живой
01.41.10.110 	Скот молочный крупный рогатый живой (кроме племенного)
01.41.10.111 	Коровы молочного стада (кроме племенных)
01.41.10.112 	Быки-производители молочного стада (кроме племенных)
01.41.10.120 	Скот молочный крупный рогатый живой племенной
01.41.10.121 	Коровы молочного стада племенные
01.41.10.122 	Быки-производители молочного стада племенные
01.41.2 	Молоко сырое крупного рогатого скота
01.41.20 	Молоко сырое крупного рогатого скота
01.41.20.110 	Молоко сырое коровье
01.41.20.120 	Молоко сырое буйволиц
01.41.20.130 	Молоко сырое ячих
01.41.20.190 	Молоко сырое прочего крупного рогатого скота, не включенного в другие группировки
01.42 	Скот крупный рогатый прочий и буйволы живые и их сперма
01.42.1 	Скот крупный рогатый прочий и буйволы живые
01.42.11 	Скот крупный рогатый прочий и буйволы живые (кроме телят и молодняка)
01.42.11.110 	Скот крупный рогатый прочий и буйволы живые (кроме телят и молодняка), кроме племенного
01.42.11.111 	Скот мясной крупный рогатый живой (кроме телят и молодняка), кроме племенного
01.42.11.112 	Буйволы живые (кроме телят и молодняка), кроме племенных
01.42.11.113 	Волы живые (кроме телят и молодняка), кроме племенных
01.42.11.114 	Яки живые (кроме телят и молодняка), кроме племенных
01.42.11.115 	Зебу живые (кроме телят и молодняка), кроме племенных
01.42.11.119 	Скот крупный рогатый прочий живой (кроме телят и молодняка), кроме племенного
01.42.11.120 	Скот крупный рогатый прочий живой (кроме телят и молодняка) племенной
01.42.11.121 	Скот мясной крупный рогатый живой (кроме телят и молодняка) племенной
01.42.11.122 	Буйволы живые (кроме телят и молодняка) племенные
01.42.11.123 	Волы живые (кроме телят и молодняка) племенные
01.42.11.124 	Яки живые (кроме телят и молодняка) племенные
01.42.11.125 	Зебу живые (кроме телят и молодняка) племенные
01.42.11.129 	Скот крупный рогатый прочий живой (кроме телят и молодняка) племенной
01.42.11.130 	Крупный рогатый скот для убоя
01.42.12 	Телята крупного рогатого скота и буйволов живые
01.42.12.110 	Телята крупного рогатого скота и буйволов живые, кроме племенных
01.42.12.111 	Телята молочного крупного рогатого скота живые, кроме племенных
01.42.12.112 	Телята мясного крупного рогатого скота живые, кроме племенных
01.42.12.113 	Телята буйволов живые, кроме племенных
01.42.12.114 	Телята волов живые, кроме племенных
01.42.12.115 	Телята яков живые, кроме племенных
01.42.12.116 	Телята зебу живые, кроме племенных
01.42.12.119 	Телята прочего крупного рогатого скота живые, кроме племенных
01.42.12.120 	Телята крупного рогатого скота и буйволов живые племенные
01.42.12.121 	Телята молочного крупного рогатого скота живые племенные
01.42.12.122 	Телята мясного крупного рогатого скота живые племенные
01.42.12.123 	Телята буйволов живые племенные
01.42.12.124 	Телята волов живые племенные
01.42.12.125 	Телята яков живые племенные
01.42.12.126 	Телята зебу живые племенные
01.42.12.129 	Телята прочего крупного рогатого скота живые племенные
01.42.13 	Молодняк крупного рогатого скота и буйволов живой
01.42.13.110 	Молодняк крупного рогатого скота и буйволов живой, кроме племенного
01.42.13.111 	Молодняк молочного крупного рогатого скота живой, кроме племенного
01.42.13.112 	Молодняк мясного крупного рогатого скота живой, кроме племенного
01.42.13.113 	Молодняк буйволов живой, кроме племенного
01.42.13.114 	Молодняк волов живой, кроме племенного
01.42.13.115 	Молодняк яков живой, кроме племенного
01.42.13.116 	Молодняк зебу живой, кроме племенного
01.42.13.119 	Молодняк прочего крупного рогатого скота живой, кроме племенного
01.42.13.120 	Молодняк крупного рогатого скота и буйволов живой племенной
01.42.13.121 	Молодняк молочного крупного рогатого скота живой племенной
01.42.13.122 	Молодняк мясного крупного рогатого скота живой племенной
01.42.13.123 	Молодняк буйволов живой племенной
01.42.13.124 	Молодняк волов живой племенной
01.42.13.125 	Молодняк яков живой племенной
01.42.13.126 	Молодняк зебу живой племенной
01.42.13.129 	Молодняк прочего крупного рогатого скота живой племенной
01.42.2 	Сперма бычья и буйволов
01.42.20 	Сперма бычья и буйволов
01.42.20.000 	Сперма бычья и буйволов
01.43 	Лошади и прочие животные семейства лошадиных живые
01.43.1 	Лошади и прочие животные семейства лошадиных живые
01.43.10 	Лошади и прочие животные семейства лошадиных живые
01.43.10.100 	Лошади живые
01.43.10.110 	Лошади взрослые чистопородные племенные
01.43.10.120 	Молодняк лошадей чистопородный племенной
01.43.10.130 	Лошади рабоче-пользовательные взрослые, кроме убойных
01.43.10.140 	Молодняк рабоче-пользовательных лошадей, кроме убойных
01.43.10.150 	Лошади убойные
01.43.10.190 	Лошади прочие
01.43.10.210 	Пони
01.43.10.300 	Ослы
01.43.10.310 	Ослы чистопородные племенные
01.43.10.320 	Ослы, кроме чистопородных племенных
01.43.10.410 	Мулы и лошаки живые
01.43.10.500 	Сперма жеребцов и ослов
01.43.10.990 	Животные семейства лошадиных живые прочие, не включенные в другие группировки
01.44 	Верблюды и прочие животные семейства верблюдовых живые
01.44.1 	Верблюды и прочие животные семейства верблюдовых живые
01.44.10 	Верблюды и прочие животные семейства верблюдовых живые
01.44.10.110 	Верблюды-дромедары (одногорбые) живые
01.44.10.120 	Верблюды-бактрианы (двугорбые) живые
01.44.10.130 	Верблюды для убоя
01.44.10.190 	Животные семейства верблюдовых живые прочие
01.45 	Овцы и козы живые
01.45.1 	Овцы и козы живые
01.45.11 	Овцы живые
01.45.11.100 	Овцы чистопородные племенные
01.45.11.110 	Овцы чистопородные племенные тонкорунных пород
01.45.11.120 	Овцы чистопородные племенные полутонкорунных пород
01.45.11.121 	Бараны-производители чистопородные племенные полутонкорунных пород
01.45.11.122 	Матки чистопородные племенные полутонкорунных пород
01.45.11.130 	Овцы чистопородные племенные полугрубошерстных пород
01.45.11.131 	Бараны-производители чистопородные племенные полугрубошерстных пород
01.45.11.132 	Матки чистопородные племенные полугрубошерстных пород
01.45.11.140 	Овцы чистопородные племенные грубошерстных пород (без каракульских и смушковых)
01.45.11.141 	Бараны-производители чистопородные племенные грубошерстных пород
01.45.11.142 	Матки чистопородные племенные грубошерстных пород
01.45.11.150 	Овцы чистопородные племенные каракульской и смушковой пород
01.45.11.151 	Бараны-производители чистопородные племенные каракульской и смушковой пород
01.45.11.152 	Матки чистопородные племенные каракульской и смушковой пород
01.45.11.160 	Молодняк чистопородных племенных овец
01.45.11.190 	Овцы чистопородные племенные прочие, не включенные в другие группировки
01.45.11.200 	Овцы взрослые, кроме чистопородных племенных овец
01.45.11.210 	Овцы взрослые тонкорунных пород, кроме чистопородных племенных овец
01.45.11.211 	Бараны-производители тонкорунных пород, кроме чистопородных племенных овец
01.45.11.212 	Матки тонкорунных пород, кроме чистопородных племенных овец
01.45.11.220 	Овцы взрослые полутонкорунных пород, кроме чистопородных племенных овец
01.45.11.221 	Бараны-производители полутонкорунных пород, кроме чистопородных племенных овец
01.45.11.222 	Матки полутонкорунных пород, кроме чистопородных племенных овец
01.45.11.230 	Овцы взрослые полугрубошерстных пород, кроме взрослых чистопородных племенных овец
01.45.11.231 	Бараны-производители полугрубошерстных пород, кроме взрослых чистопородных племенных овец
01.45.11.232 	Матки полугрубошерстных пород, кроме взрослых чистопородных племенных овец
01.45.11.240 	Овцы взрослые грубошерстных пород (без каракульских и смушковых), кроме взрослых чистопородных племенных овец
01.45.11.241 	Бараны-производители грубошерстных пород (без каракульских и смушковых), кроме взрослых чистопородных племенных овец
01.45.11.242 	Матки грубошерстных пород (без каракульских и смушковых), кроме взрослых чистопородных племенных овец
01.45.11.250 	Овцы взрослые каракульской и смушковой пород, кроме взрослых чистопородных племенных овец
01.45.11.251 	Бараны-производители каракульских и смушковых, кроме взрослых чистопородных племенных овец
01.45.11.252 	Матки каракульских и смушковых, кроме взрослых чистопородных племенных овец
01.45.11.260 	Молодняк овец, кроме молодняка чистопородных племенных
01.45.11.270 	Сперма баранов
01.45.11.290 	Овцы прочие, не включенные в другие группировки
01.45.11.300 	Животные дикие рода баранов
01.45.11.310 	Архары
01.45.11.320 	Бараны снежные
01.45.11.330 	Муфлоны
01.45.11.400 	Овцы и козы для убоя
01.45.11.410 	Овцы для убоя
01.45.11.990 	Животные дикие рода баранов прочие
01.45.12 	Козы живые
01.45.12.100 	Козы чистопородные племенные
01.45.12.110 	Козы взрослые чистопородные племенные
01.45.12.111 	Козлы - производители племенные
01.45.12.112 	Козоматки племенные
01.45.12.120 	Молодняк чистопородных племенных коз
01.45.12.200 	Козы, кроме чистопородных племенных коз
01.45.12.210 	Козы взрослые, кроме чистопородных племенных коз
01.45.12.220 	Молодняк коз, кроме молодняка чистопородных племенных коз
01.45.12.230 	Сперма козлов
01.45.12.300 	Козы дикие
01.45.12.420 	Козы для убоя
01.45.2 	Молоко сырое овечье и козье
01.45.21 	Молоко сырое овечье
01.45.21.000 	Молоко сырое овечье
01.45.22 	Молоко сырое козье
01.45.22.000 	Молоко сырое козье
01.45.3 	Шерсть стриженая немытая овец и коз, включая стриженую шерсть, промытую руном
01.45.30 	Шерсть стриженая немытая овец и коз, включая стриженую шерсть, промытую руном
01.45.30.110 	Шерсть тонкая стриженая немытая, включая стриженую шерсть, промытую руном
01.45.30.120 	Шерсть полутонкая стриженая немытая, включая стриженую шерсть, промытую руном
01.45.30.130 	Шерсть полугрубая стриженая немытая, включая стриженую шерсть, промытую руном
01.45.30.140 	Шерсть грубая стриженая немытая (кроме шерсти смушковых и каракульских овец), включая стриженую шерсть, промытую руном
01.45.30.150 	Шерсть грубая стриженая немытая смушковых и каракульских овец, включая стриженую шерсть, промытую руном
01.46 	Свиньи живые
01.46.1 	Свиньи живые
01.46.10 	Свиньи живые
01.46.10.100 	Свиньи чистопородные племенные
01.46.10.110 	Свиньи взрослые чистопородные племенные
01.46.10.120 	Молодняк чистопородных племенных свиней
01.46.10.200 	Свиньи основного стада, кроме чистопородных
01.46.10.210 	Свиньи взрослые основного стада, кроме чистопородных
01.46.10.220 	Молодняк свиней основного стада, кроме чистопородных
01.46.10.300 	Свиньи дикие
01.46.10.400 	Сперма хряков
01.46.10.500 	Свиньи для убоя
01.47 	Птица сельскохозяйственная живая и яйца
01.47.1 	Птица сельскохозяйственная живая
01.47.11 	Куры живые
01.47.11.100 	Куры яичных пород прародительского стада
01.47.11.110 	Куры яичных пород прародительского стада взрослые
01.47.11.120 	Молодняк кур яичных пород ремонтный прародительского стада
01.47.11.130 	Цыплята кур яичных пород прародительского стада
01.47.11.200 	Куры яичных пород родительского стада
01.47.11.210 	Куры яичных пород родительского стада взрослые
01.47.11.220 	Молодняк кур яичных пород ремонтный родительского стада
01.47.11.230 	Цыплята кур яичных пород родительского стада
01.47.11.300 	Куры яичных пород промышленного стада
01.47.11.310 	Куры яичных пород промышленного стада взрослые
01.47.11.320 	Молодняк кур яичных пород ремонтный промышленного стада
01.47.11.330 	Цыплята кур яичных пород промышленного стада
01.47.11.400 	Куры мясных пород
01.47.11.410 	Куры мясных пород прародительского стада
01.47.11.411 	Куры мясных пород прародительского стада взрослые
01.47.11.412 	Молодняк кур мясных пород ремонтный прародительского стада
01.47.11.413 	Цыплята кур мясных пород прародительского стада
01.47.11.420 	Куры мясных пород родительского стада
01.47.11.421 	Куры мясных пород родительского стада взрослые
01.47.11.422 	Молодняк кур мясных пород ремонтный родительского стада
01.47.11.423 	Цыплята кур мясных пород родительского стада
01.47.11.500 	Куры мясо-яичных пород
01.47.11.510 	Куры мясо-яичных пород взрослые
01.47.11.520 	Молодняк кур мясо-яичных пород ремонтный
01.47.11.530 	Цыплята кур мясо-яичных пород
01.47.11.600 	Бройлеры
01.47.11.610 	Бройлеры мясной породы
01.47.11.620 	Бройлеры мясо-яичной породы
01.47.11.700 	Куры для убоя
01.47.12 	Индейки живые
01.47.12.110 	Индейки живые взрослые
01.47.12.120 	Молодняк индеек
01.47.12.130 	Индюшата
01.47.12.140 	Индейки для убоя
01.47.13 	Гуси живые
01.47.13.110 	Гуси живые взрослые
01.47.13.120 	Молодняк гусей
01.47.13.130 	Гусята
01.47.13.140 	Гуси для убоя
01.47.14 	Утки и цесарки живые
01.47.14.100 	Утки живые
01.47.14.110 	Утки живые взрослые
01.47.14.120 	Молодняк уток
01.47.14.130 	Утята
01.47.14.140 	Утки для убоя
01.47.14.200 	Цесарки живые
01.47.14.210 	Цесарки живые взрослые
01.47.14.220 	Молодняк цесарок
01.47.14.230 	Цесарята
01.47.14.240 	Цесарки для убоя
01.47.2 	Яйца в скорлупе свежие
01.47.21 	Яйца куриные в скорлупе свежие
01.47.21.000 	Яйца куриные в скорлупе свежие
01.47.22 	Яйца прочей домашней птицы в скорлупе свежие
01.47.22.110 	Яйца гусей в скорлупе свежие
01.47.22.120 	Яйца уток в скорлупе свежие
01.47.22.130 	Яйца индеек в скорлупе свежие
01.47.22.140 	Яйца цесарок в скорлупе свежие
01.47.22.150 	Яйца перепелок в скорлупе свежие
01.47.22.190 	Яйца прочей домашней птицы в скорлупе свежие, не включенные в другие группировки
01.47.23 	Яйца инкубационные
01.47.23.110 	Яйца инкубационные куриные
01.47.23.111 	Яйца инкубационные кур мясных пород
01.47.23.112 	Яйца инкубационные кур яичных пород
01.47.23.113 	Яйца инкубационные куриные для иммунобиологических производств
01.47.23.120 	Яйца инкубационные гусей
01.47.23.130 	Яйца инкубационные уток
01.47.23.140 	Яйца инкубационные индеек
01.47.23.150 	Яйца инкубационные цесарок
01.47.23.160 	Яйца инкубационные перепелок
01.47.23.190 	Яйца инкубационные прочей птицы, не включенные в другие группировки
01.49 	Животные живые прочие и продукты животного происхождения
01.49.1 	Животные живые прочие
01.49.11 	Кролики домашние живые
01.49.11.110 	Кролики взрослые домашние живые
01.49.11.111 	Кролики взрослые - самцы
01.49.11.112 	Кролики взрослые - самки (кроликоматки)
01.49.11.120 	Молодняк кроликов
01.49.11.130 	Кролики для убоя
01.49.12 	Птицы живые, не включенные в другие группировки
01.49.12.110 	Перепелки живые
01.49.12.111 	Перепелки живые взрослые
01.49.12.112 	Молодняк перепелок живой
01.49.12.113 	Перепелята
01.49.12.120 	Страусы живые
01.49.12.121 	Страусы живые взрослые
01.49.12.122 	Молодняк страусов
01.49.12.130 	Фазаны живые
01.49.12.131 	Фазаны взрослые живые
01.49.12.132 	Молодняк фазанов
01.49.12.190 	Птицы живые прочие, не включенные в другие группировки
01.49.12.191 	Птицы хищные
01.49.12.192 	Попугаеобразные, включая попугаев, попугаев длиннохвостых, ара и какаду
01.49.12.193 	Чирки, турпаны, лебеди, павлины и аналогичные птицы
01.49.12.194 	Голуби
01.49.12.195 	Птицы дикие, отнесенные к объектам охоты как особо ценные
01.49.12.196 	Птицы для убоя, не включенные в другие группировки
01.49.12.199 	Птицы прочие, кроме используемых для научно-исследовательских целей, не включенные в другие группировки
01.49.13 	Пресмыкающиеся, включая змей и черепах, живые
01.49.13.110 	Пресмыкающиеся живые
01.49.13.120 	Змеи и ящерицы
01.49.13.130 	Черепахи морские, пресноводные и сухопутные
01.49.13.140 	Пресмыкающиеся (рептилии), используемые для научно-исследовательских целей
01.49.13.190 	Пресмыкающиеся живые прочие, не включенные в другие группировки
01.49.19 	Животные живые прочие, не включенные в другие группировки
01.49.19.100 	Олени
01.49.19.110 	Олени северные
01.49.19.111 	Олени северные взрослые
01.49.19.112 	Молодняк северных оленей
01.49.19.113 	Телята северных оленей
01.49.19.120 	Олени пятнистые, лани
01.49.19.121 	Олени пятнистые, лани взрослые
01.49.19.122 	Молодняк пятнистых оленей, ланей
01.49.19.123 	Телята пятнистых оленей, ланей
01.49.19.130 	Олени благородные (европейские, кавказские, маралы, изюбри)
01.49.19.131 	Олени благородные взрослые
01.49.19.132 	Молодняк благородных оленей
01.49.19.133 	Телята благородных оленей
01.49.19.140 	Панты северных оленей, пятнистых оленей, благородных оленей (европейских, кавказских, маралов, изюбрей), ланей
01.49.19.150 	Олени для убоя
01.49.19.190 	Виды оленей прочие
01.49.19.200 	Звери пушные
01.49.19.210 	Лисицы клеточного разведения
01.49.19.211 	Лисицы взрослые клеточного разведения
01.49.19.212 	Молодняк лисиц клеточного разведения
01.49.19.220 	Песцы клеточного разведения
01.49.19.221 	Песцы взрослые клеточного разведения
01.49.19.222 	Молодняк песцов клеточного разведения
01.49.19.230 	Норки клеточного разведения
01.49.19.231 	Норки взрослые клеточного разведения
01.49.19.232 	Молодняк норок клеточного разведения
01.49.19.240 	Нутрии клеточного разведения
01.49.19.241 	Нутрии взрослые клеточного разведения
01.49.19.242 	Молодняк нутрий клеточного разведения
01.49.19.250 	Соболи клеточного разведения
01.49.19.251 	Соболи взрослые клеточного разведения
01.49.19.252 	Молодняк соболей клеточного разведения
01.49.19.260 	Бобры клеточного разведения
01.49.19.261 	Бобры взрослые клеточного разведения
01.49.19.262 	Молодняк бобров клеточного разведения
01.49.19.270 	Ондатры клеточного разведения
01.49.19.271 	Ондатры взрослые клеточного разведения
01.49.19.272 	Молодняк ондатр клеточного разведения
01.49.19.280 	Хори клеточного разведения
01.49.19.281 	Хори взрослые клеточного разведения
01.49.19.282 	Молодняк хорей клеточного разведения
01.49.19.290 	Звери пушные клеточного разведения прочие, не включенные в другие группировки
01.49.19.291 	Звери пушные взрослые клеточного разведения прочие, не включенные в другие группировки
01.49.19.292 	Молодняк прочих пушных зверей клеточного разведения
01.49.19.300 	Животные живые для научно-исследовательских целей
01.49.19.310 	Свинки морские лабораторные
01.49.19.320 	Крысы лабораторные
01.49.19.330 	Мыши лабораторные
01.49.19.340 	Хомяки лабораторные
01.49.19.350 	Приматы для научно-исследовательских целей
01.49.19.360 	Птицы для научно-исследовательских целей
01.49.19.390 	Животные для научно-исследовательских целей прочие
01.49.19.400 	Млекопитающие и животные прочие, не включенные в другие группировки, кроме используемых для научно-исследовательских целей
01.49.19.410 	Приматы, кроме ис